source	target	ligand_complex	receptor_complex	lr_means	cellphone_pvals	expr_prod	scaled_weight	lr_logfc	spec_weight	lrscore	specificity_rank	magnitude_rank
T_cell	T_cell	B2M	KLRD1	3.0620148	0.0	5.7378197	0.6552682666306924	1.8097508222628207	0.5338997	0.95561516	0.0017114313964809841	4.051217795957774e-05
B_cell	T_cell	B2M	KLRD1	2.6783504	0.0	4.8518386	-0.05487407466144406	0.6962351551917028	0.45145988	0.9519192	0.45057726437425816	0.00016181901840076532
T_cell	T_cell	HLA-B	KLRD1	2.3461735	0.0	4.0847554	0.5061006451502403	1.5587920338805064	0.52692926	0.9478241	0.0067680726351779215	0.0006454385261026963
T_cell	T_cell	HLA-B	CD3D	2.1738899	0.0	2.865774	0.43838130750100973	1.4685338599414468	0.53374505	0.9383319	0.020373371712730744	0.002567053724407865
T_cell	B_cell	APP	CD74	2.3076174	0.0	2.8072793	0.4122157011392614	1.0118182001486993	0.45081314	0.9377326	0.050408816152025436	0.002567053724407865
B_cell	T_cell	HLA-B	KLRD1	2.1162283	0.0	3.553752	0.08793887236131975	0.9471939435740171	0.45843035	0.9442713	0.1435462353103562	0.004832490407923748
T_cell	B_cell	HMGB1	CXCR4	1.987306	0.0	3.9471552	0.25185930100163245	0.6783894085193158	0.33239377	0.9469703	0.11512861563962268	0.00779407095167028
T_cell	B_cell	HLA-A	APLP2	1.9512895	0.0	2.199379	0.3314989348387888	0.820158962656333	0.3565458	0.9302156	0.06474608151783835	0.008934355812741964
B_cell	T_cell	HLA-B	CD3D	1.9439446	0.0	2.4932334	0.02021953471208912	0.8569357696349575	0.46436012	0.9341777	0.45057726437425816	0.0101506118576081
T_cell	B_cell	COPA	CD74	2.1903648	0.0	1.8940275	0.34799985029034597	0.6656935988285176	0.37599224	0.92520547	0.050408816152025436	0.0101506118576081
B_cell	B_cell	HMGB1	CXCR4	1.9309735	0.0	3.7285757	0.16891728395629485	0.5540363473194323	0.313987	0.9455215	0.16417983184763388	0.011442492212648429
B_cell	T_cell	HLA-DRA	CD4	2.1583543	0.0	1.8495235	0.474107550553548	1.218899812275691	0.5336305	0.9243785	0.024493887981616107	0.011442492212648429
T_cell	T_cell	IL18	IL18_IL18R1_IL18RAP	0.08927584	0.0	0.007970175	0.13054339655128466	0.12487607816638503	0.5569391	0.44519442	0.23546605211829558	0.019067740348365295
B_cell	T_cell	HLA-DPB1	CD4	1.6739279	0.0	1.3821914	0.4280782724136769	1.00779514673033	0.50084543	0.9135485	0.050408816152025436	0.02844497334045985
B_cell	B_cell	COPA	CD74	2.121354	0.0	1.3565189	0.23233930146624163	0.43183605183789264	0.2692889	0.9128053	0.41306786340630575	0.030546005162166778
B_cell	T_cell	HLA-DRB1	CD4	1.6421652	0.0	1.3515495	0.39709751831035434	0.9415112672277541	0.5025074	0.91265917	0.050408816152025436	0.03496220798426398
B_cell	T_cell	SPON1	LRP8	0.1064709	0.0	0.010956232	0.140707130301384	0.18027538510863675	0.60602725	0.4847533	0.13802587674219427	0.03805451376417082
B_cell	T_cell	HLA-DPA1	CD4	1.6192682	0.0	1.3294605	0.41271537036194983	0.8916111005552858	0.4998626	0.9120001	0.050408816152025436	0.03966162311024551
T_cell	T_cell	HLA-A	APLP2	1.8093299	0.0	1.2853239	0.13980912586615887	0.25656061983785644	0.20836647	0.91063577	0.693519568187801	0.04211666956641707
T_cell	T_cell	GZMB	IGF2R	1.5865904	0.0	1.3058633	0.5527989118026794	1.5874181613228275	0.6879512	0.91127884	0.00118601773647451	0.04723573479375168
T_cell	T_cell	LGALS1	PTPRC	1.5825629	0.0	2.46206	0.33049811147520014	1.0040204915017954	0.41941884	0.9337898	0.050408816152025436	0.0498990555037187
B_cell	B_cell	HLA-A	APLP2	1.5813563	1.0	1.6939316	-0.1338531317149081	-0.25656061983785644	0.2746067	0.92124933	1.0	0.052631111805318403
B_cell	B_cell	APP	CD74	2.1026685	0.0	1.2109811	0.1708591034561817	0.08571145051771106	0.19446807	0.90818167	1.0	0.052631111805318403
T_cell	B_cell	TGFB1	CXCR4	1.5737748	0.0	2.3425856	0.41675239136572695	1.1336000383909735	0.4450045	0.9322354	0.049157912938491366	0.05543156910664554
T_cell	T_cell	FARP2	PLXNA4	0.11134571	0.0	0.011704596	0.07153868312918575	0.05593885961396476	0.33996928	0.49300817	0.40691425971673484	0.05696049044862789
T_cell	T_cell	B2M	KLRC1	2.5949042	0.0	1.095303	0.4888047904491334	0.9339920207536422	0.53139985	0.903909	0.027117924913947024	0.05696049044862789
T_cell	T_cell	HMGB1	CXCR4	1.5479507	1.0	2.1593933	-0.1764335097061061	-0.5540363473194323	0.1818446	0.9296177	1.0	0.061236259292986484
B_cell	B_cell	LTB	CD40	1.5296102	0.0	1.2786961	0.503463076134077	1.3947008679652488	0.67671895	0.9104252	0.0017948844713835622	0.06731039011096573
T_cell	T_cell	CALM1	PTPRA	1.5231843	0.0	1.447317	0.3559427065409779	0.8406161422372858	0.39491093	0.9153494	0.050408816152025436	0.07044762511196258
T_cell	T_cell	IL18	IL18R1_IL18RAP	0.112702824	0.0	0.012153103	0.1805663463810831	0.2482383892263765	0.7318977	0.49770808	0.10153312656732764	0.07578584887841522
B_cell	T_cell	HMGB1	CXCR4	1.4916183	1.0	2.0398138	-0.25937552675144376	-0.6783894085193158	0.1717747	0.92773104	1.0	0.07692073361451024
T_cell	B_cell	AGTRAP	RACK1	1.7668142	0.0	0.9962151	0.31732179443800096	0.5624437317342291	0.421316	0.89971143	0.050408816152025436	0.09065180141103703
T_cell	T_cell	APP	CD74	1.430821	1.0	1.5431952	-0.17846173335236176	-0.08571145051771106	0.2478174	0.91780156	1.0	0.09424606826264592
B_cell	T_cell	HLA-A	APLP2	1.4393966	1.0	0.98993886	-0.325542940687538	-0.820158962656333	0.160481	0.8994259	1.0	0.09424606826264592
T_cell	B_cell	ICAM1	ITGAL_ITGB2	0.11165425	1.0	0.012458286	-0.11961569265593447	-0.4836178665450306	0.117039695	0.50080824	1.0	0.09453074896334433
T_cell	B_cell	LGALS1	PTPRC	1.4146085	0.0	1.9996681	0.1343797632219977	0.4573171671773423	0.34064907	0.9270618	0.09115504750513184	0.09790426010543901
T_cell	T_cell	VIM	CD44	1.39821	0.0	1.6532807	0.1331802777398502	0.3928406285143963	0.29526478	0.9203636	0.2521299134256926	0.10925883792642241
B_cell	T_cell	B2M	KLRC1	2.2112398	1.0	0.9261764	-0.22133755084300308	-0.17952364631747575	0.449346	0.89637434	1.0	0.10925883792642241
T_cell	T_cell	AGTRAP	RACK1	1.5385501	1.0	0.8551784	-0.09206376858059694	-0.005473899343908628	0.3616692	0.8926112	1.0	0.11316922003693822
T_cell	T_cell	PTDSS1	SCARB1	0.11889828	0.0	0.013515685	0.06042293435844583	0.03048099951800666	0.3560386	0.51098955	0.4514679771071734	0.11319537941850258
T_cell	B_cell	VIM	CD44	1.3782861	0.0	1.575677	0.10755159684416447	0.29191999745428976	0.28140527	0.9185839	0.32777703768405675	0.12117622202015121
B_cell	T_cell	PTDSS1	SCARB1	0.11962066	0.0	0.013651458	0.062357506368169544	0.06819291521958566	0.3596152	0.5122383	0.37142382205535607	0.13177989613927385
T_cell	B_cell	CALM1	PTPRA	1.38405	0.0	0.76349753	0.13907991176502016	0.3141925443923559	0.20832583	0.8870539	0.4990535419055224	0.13792547544346084
T_cell	B_cell	MIF	CD74_CXCR4	1.3341688	0.0	1.412874	0.27381821189272537	0.7468901283080313	0.3671554	0.91441154	0.05194752492054039	0.13792547544346084
B_cell	T_cell	HLA-DQB1	CD4	1.3311368	0.0	1.0514966	0.5205348127459015	1.6135484477712725	0.6478481	0.90212166	0.0038288456373177008	0.1422639329539236
B_cell	T_cell	GPI	AMFR	0.12155108	1.0	0.014718015	-0.08687486467630207	-0.15353535803945134	0.15180324	0.5216305	1.0	0.15028449579962574
T_cell	T_cell	COPA	CD74	1.3135685	1.0	1.0411696	-0.24267758420127725	-0.43183605183789264	0.20668747	0.9016852	1.0	0.151119897879487
B_cell	T_cell	CD22	PTPRC	1.2782792	0.0	1.3735844	0.3658356166720188	1.0642909724721639	0.54433614	0.9133015	0.020873394010699327	0.16021218610580543
B_cell	B_cell	MIF	CD74_CXCR4	1.246964	0.0	1.074505	0.14789384236325015	0.4855356275307169	0.27922535	0.9030732	0.349089048151999	0.16484611797033594
T_cell	B_cell	TXLNA	STX4	0.12524861	1.0	0.015633255	-0.022360401160203106	-0.06378782080862194	0.2188977	0.5291519	1.0	0.16870931820122426
B_cell	T_cell	COPA	CD74	1.2445576	1.0	0.74569476	-0.35833813302538153	-0.6656935988285176	0.14803135	0.8858666	1.0	0.16953807198115592
T_cell	B_cell	TNFSF13B	HLA-DPB1	1.555153	0.0	0.70149267	0.37457230228615807	0.8265014390660634	0.46121252	0.88274086	0.050408816152025436	0.16953807198115592
B_cell	B_cell	TGFB1	CXCR4	1.2432468	0.0	1.0600815	0.011048787127885873	0.09882571744777457	0.20137623	0.90248007	1.0	0.17428776945851135
T_cell	T_cell	HLA-B	LILRB1	1.8673811	0.0	0.69709176	0.24414904173158553	0.3502640702695573	0.30568373	0.88241476	0.1938855565117838	0.17428776945851135
B_cell	T_cell	APP	CD74	1.225872	1.0	0.6656909	-0.4198183310354415	-1.0118182001486993	0.10690144	0.8800024	1.0	0.17909483313280727
T_cell	T_cell	CD99	CD81	1.2091498	0.0	1.4444319	0.30642768794914116	0.7539017878241696	0.39311528	0.91527206	0.050408816152025436	0.18395888412396894
B_cell	T_cell	FARP2	PLXNA4	0.12692632	0.0	0.015994739	0.12127429949010989	0.16336972323829962	0.46457988	0.5319987	0.16729955144943928	0.18705455188319936
T_cell	T_cell	SPON2	ITGB2	1.2074575	0.0	1.4059632	0.5422179886525533	1.9445583169066678	0.7577885	0.91421944	5.193777465507404e-05	0.18887964616796044
T_cell	T_cell	HLA-A	LILRB1	1.7082322	0.0	0.6343726	0.2682577141474964	0.5828248163634074	0.32292065	0.8774347	0.1435462353103562	0.1938567407837006
T_cell	T_cell	HLA-C	LILRB1	1.7033622	0.0	0.6324533	0.20308436972554433	0.5351759102268087	0.31200662	0.87727165	0.1769258812322106	0.1988897879086458
T_cell	B_cell	CD99	CD81	1.1564386	0.0	1.3029703	0.2407027711986981	0.5467384986021795	0.3546152	0.911189	0.06949615936072201	0.2039785136509523
T_cell	B_cell	PSEN1	NCSTN	0.12836125	1.0	0.016163582	-0.050706887428358646	-0.08368017137640726	0.18794897	0.5333057	1.0	0.2053203691154592
B_cell	T_cell	VIM	CD44	1.139285	1.0	1.2136632	-0.1018779975682488	-0.29191999745428976	0.21675204	0.90827394	1.0	0.20912253833981534
T_cell	T_cell	TGFB1	CXCR4	1.1344197	1.0	1.281572	-0.01154041934201161	-0.09882571744777457	0.24345122	0.91051686	1.0	0.21432148075198626
T_cell	T_cell	PSEN1	NOTCH4	0.12985808	0.003	0.016600817	0.042043303500246085	0.030129007033355568	0.32016802	0.53662574	0.870395395119328	0.22350695808839321
B_cell	T_cell	S100A9	ITGB2	1.120362	0.0	1.155917	0.2920791720295878	0.960211489026242	0.40797657	0.9062229	0.050408816152025436	0.2248828857755268
B_cell	B_cell	VIM	CD44	1.1193609	1.0	1.1566948	-0.1275066784639345	-0.3928406285143963	0.20657787	0.90625143	1.0	0.23024466007078973
B_cell	T_cell	HLA-B	LILRB1	1.6374359	1.0	0.6064723	-0.17401273105733508	-0.26133402003693196	0.26594597	0.8749956	1.0	0.23024466007078973
B_cell	T_cell	LGALS1	PTPRC	1.1115607	1.0	0.7772033	-0.12030024726229918	-0.4573171671773423	0.13239877	0.88794214	1.0	0.23566001060476222
B_cell	B_cell	CD22	PTPRC	1.1103247	0.0	1.1156157	0.1697172684188164	0.5175876481477109	0.44210607	0.90470415	0.050408816152025436	0.24112855426804974
B_cell	T_cell	MAML2	NOTCH4	0.13109641	0.0	0.016882319	0.10253029431889797	0.15103540392114334	0.44395015	0.5387157	0.18357026600232948	0.2416144591616522
B_cell	B_cell	HLA-DRA	CD4	1.9915483	0.0	0.5703373	0.19530970251848093	0.5673812958170843	0.16455555	0.87159705	0.45057726437425816	0.2416144591616522
B_cell	T_cell	CALM1	PTPRA	1.1026285	1.0	0.95193523	-0.12391643323524398	-0.3141925443923559	0.2597424	0.89764136	1.0	0.2522240349091795
B_cell	T_cell	GNAS	ADCY7	1.1214408	0.0	0.5773224	0.13778283177072587	0.1950150305223153	0.39030516	0.8722767	0.12746433027827678	0.2522240349091795
B_cell	B_cell	ICAM2	ITGAL_ITGB2	0.13755304	1.0	0.018391697	-0.22877864007099238	-0.6500557573309245	0.064280294	0.5493364	1.0	0.2596430605950714
T_cell	T_cell	LGALS1	ITGB1	1.0942792	0.0	1.117776	0.4141510047174476	1.2445688638374555	0.5760265	0.90478736	0.012130214876744505	0.2692578396543377
T_cell	T_cell	GNAS	ADCY7	1.0949436	0.0	0.56160253	0.10498514316033773	0.26594179860882083	0.37967753	0.87073094	0.09939002250933185	0.2692578396543377
T_cell	T_cell	S100A9	ITGB2	1.0817099	0.0	1.0449487	0.2511497896530582	0.7126126657916215	0.36881068	0.90184563	0.050408816152025436	0.27503853520204546
T_cell	T_cell	PSEN1	NOTCH1	0.1360662	0.0	0.018414259	0.043190522780996055	0.05609213310566048	0.32388973	0.5494881	0.4008296675967623	0.2775929503716096
T_cell	T_cell	HLA-E	KLRC1_KLRD1	1.3367934	0.0	0.5407037	0.24155381779741253	0.6475859449323008	0.52636373	0.86858165	0.050408816152025436	0.2808700910479739
B_cell	T_cell	HLA-DQA1	CD4	1.075337	0.0	0.8047235	0.4785099292170089	1.4258726497058527	0.66387725	0.8896616	0.0025799670101229744	0.2808700910479739
T_cell	T_cell	HLA-DRA	CD4	1.0699409	1.0	0.7995177	-0.20400029818090532	-0.5673812958170843	0.23067942	0.88934267	1.0	0.2926842424771172
B_cell	T_cell	HLA-C	LILRB1	1.4339218	1.0	0.52626926	-0.13469745090805307	-0.4462458599941833	0.25962308	0.8670296	1.0	0.2926842424771172
B_cell	T_cell	MAML2	NOTCH1	0.13730453	0.0	0.01872651	0.10367751359964794	0.17699852999344823	0.4491107	0.5515685	0.1435462353103562	0.2954642849104416
T_cell	B_cell	LGALS1	CD69	1.0617869	0.0	1.0283221	0.3162469606899861	1.005785871184716	0.47298774	0.9011335	0.050408816152025436	0.2986661904366251
T_cell	B_cell	HLA-B	LILRB1	1.8426896	0.0	0.5223896	0.18441369920284933	0.26133402003693196	0.22907458	0.8666025	0.6839376770070932	0.2986661904366251
T_cell	T_cell	SELPLG	ITGB2	1.0510291	0.0	0.95686585	0.48860000275069726	1.334909114726405	0.6489918	0.8978786	0.003562201101634708	0.31077802417997114
T_cell	T_cell	GPI	AMFR	0.14062539	1.0	0.019067887	-0.0371938785767331	-0.07189655783100501	0.19666831	0.5538016	1.0	0.31325720533089113
B_cell	T_cell	MFNG	NOTCH1	0.13877049	0.097	0.019096166	0.029046674831268868	0.026467147163264884	0.298611	0.5539847	0.9947990004572614	0.3309719463424736
B_cell	T_cell	GNAS	PTGDR	1.1015503	0.0	0.49989903	0.17128204263132374	0.30956282739806945	0.50187516	0.8640382	0.06024376970504331	0.33558400730910953
B_cell	T_cell	HLA-A	LILRB1	1.338299	1.0	0.48858508	-0.1970943524062005	-0.4938947661307821	0.24870908	0.86268795	1.0	0.3482726005362231
T_cell	T_cell	TGFB1	ITGB1	1.0097426	0.0	0.9804855	0.39111290562598566	1.0312871949694862	0.5217543	0.89899105	0.04114195140596912	0.3482726005362231
B_cell	B_cell	PSEN1	NCSTN	0.14222015	0.907	0.019231074	-0.015972533871599703	-0.00585343674859734	0.22361755	0.5548543	1.0	0.34860864892713245
T_cell	T_cell	HLA-DPB1	CD4	0.99486095	1.0	0.72708714	-0.15592287885917538	-0.3562766302717233	0.26346442	0.8845828	1.0	0.36114797957922706
T_cell	T_cell	ADAM17	NOTCH1	0.13959397	0.0	0.01930381	0.059196442261349375	0.09041624896340998	0.35162047	0.55532044	0.3124451237934045	0.3661674546145185
T_cell	T_cell	HLA-B	LILRB2	1.8244133	0.0	0.39307615	0.24137770631031497	0.33881012200676874	0.3167612	0.84928983	0.1580714880806601	0.3661674546145185
T_cell	T_cell	GNAS	PTGDR	1.0750532	0.0	0.4862873	0.13848435402093562	0.380489595484575	0.48820964	0.8624085	0.05737553926342895	0.3676547900232203
T_cell	T_cell	HLA-DRB1	CD4	0.97108155	1.0	0.70414686	-0.12356359002993478	-0.2899927507691473	0.26180246	0.8829362	1.0	0.3676547900232203
T_cell	T_cell	HLA-DPA1	CD4	0.9702429	1.0	0.7033378	-0.13987638163418592	-0.240092584096679	0.2644473	0.88287675	1.0	0.37420729775383366
B_cell	T_cell	LGALS9	PTPRC	1.0275655	0.0	0.47673786	0.13237665153062367	0.36760390745454147	0.31266227	0.8612276	0.17367215869469538	0.37420729775383366
B_cell	B_cell	S100A9	CD68	0.5066737	1.0	0.167569	-0.09601340740816453	-0.1741798584235414	0.1519359	0.78629535	1.0	0.3773935817977502
B_cell	B_cell	CALM1	PTPRA	0.9634942	1.0	0.5021707	-0.34077922801120175	-0.8406161422372858	0.1370209	0.8643043	1.0	0.38080511272162154
T_cell	B_cell	HLA-A	LILRB1	1.6835408	0.0	0.47538882	0.2085223716187602	0.4938947661307821	0.24199165	0.8610582	0.45057726437425816	0.38080511272162154
T_cell	T_cell	ARPC5	ADRB2	0.6079493	0.0	0.16541642	0.2520866961711689	0.5033002719326047	0.5697427	0.7852071	0.050408816152025436	0.38221139383648917
B_cell	B_cell	ADAM10	CD44	0.50879437	1.0	0.1687002	-0.09200697906288532	-0.22168209516439008	0.1725043	0.7868601	1.0	0.38221139383648917
T_cell	T_cell	PSEN1	NOTCH2	0.13932872	0.999	0.019367265	-0.031763236106914935	-0.07224531538751525	0.21197361	0.5557256	1.0	0.3836485972925856
B_cell	B_cell	LGALS1	PTPRC	0.94360626	1.0	0.6312392	-0.3164185955155016	-1.0040204915017954	0.107533365	0.8771682	1.0	0.3874478436051979
T_cell	B_cell	HLA-C	LILRB1	1.6786708	0.0	0.47395056	0.14334902719680814	0.4462458599941833	0.23381284	0.8608768	0.45057726437425816	0.3874478436051979
T_cell	B_cell	LGALS9	CD44	0.50648	1.0	0.16495514	-0.04615080755894871	-0.14471256082236822	0.21148974	0.7849715	1.0	0.39196940196720054
B_cell	T_cell	GNAI2	F2R	0.55047536	1.0	0.17127791	-0.00407281343453797	-0.031930879940567536	0.39366615	0.7881289	1.0	0.39196940196720054
B_cell	T_cell	S100A8	ITGB2	0.9297489	0.0	0.6086773	0.29819670219629096	0.9729839964118303	0.42869672	0.8751939	0.050408816152025436	0.3941352391077845
T_cell	T_cell	LGALS9	CD44	0.526404	0.816	0.17307934	-0.020522126663263	-0.043791929762261705	0.22190584	0.7890011	1.0	0.3969102165523829
B_cell	T_cell	HLA-E	KLRC1_KLRD1	1.1690544	1.0	0.46676114	0.015380308624002942	0.10688242950386562	0.45438218	0.85995895	1.0	0.4008669082223537
B_cell	T_cell	ADAM17	NOTCH1	0.14090152	0.0	0.019633519	0.06260082338234782	0.09959475187572091	0.3576261	0.5574104	0.2928469466679512	0.4010521878858411
T_cell	T_cell	ACTR2	ADRB2	0.5849092	0.0	0.15822423	0.1558442319576724	0.27781537180368715	0.485636	0.78143466	0.08159365203087525	0.40189223685816816
B_cell	B_cell	HLA-DRB5	CD4	0.60369503	0.0	0.15746734	0.11109465898640436	0.6363262879302067	0.21269184	0.78102493	0.664983543275142	0.40691591489067797
B_cell	T_cell	HLA-DMA	CD4	0.91887397	0.0	0.65378153	0.3511128843167267	0.8188487159590614	0.5273413	0.87904596	0.03138124586242243	0.40764245869895527
T_cell	B_cell	GRN	TNFRSF1B	0.5053922	0.731	0.1561668	-0.04653785589308421	-0.024336313583463887	0.1549544	0.78031486	1.0	0.41198114085523885
T_cell	T_cell	LGALS1	CD69	0.9149762	0.0	0.62414056	0.14053846259763172	0.4555517874944215	0.28708014	0.8765576	0.30252702446297514	0.4144616411051939
B_cell	T_cell	ADAM10	CD44	0.5287184	1.0	0.17700887	-0.06637829816719962	-0.12076146410428357	0.18100034	0.79086375	1.0	0.41708837142982147
B_cell	T_cell	MAML2	NOTCH2	0.14056703	0.0	0.019695677	0.02872375471173695	0.04866108150027251	0.293926	0.55780035	0.41929099852357854	0.4183784597375537
B_cell	B_cell	HLA-B	LILRB1	1.6127445	1.0	0.45448083	-0.23374807358607128	-0.3502640702695573	0.19929571	0.85834575	1.0	0.4213240634982234
T_cell	T_cell	LGALS9	CD47	0.48401925	0.001	0.15579656	0.017792801848866807	0.010126881383833497	0.23918076	0.78011143	0.8253152343782343	0.4222374921285573
B_cell	T_cell	SELPLG	ITGB2	0.78336596	0.0	0.18842001	0.06474455096973933	0.3379150400914586	0.12779538	0.7959833	1.0	0.42742881800401117
T_cell	T_cell	HSPA8	ADRB2	0.568996	0.0	0.15325676	0.22969386042534473	0.48522114977996406	0.5584538	0.7786984	0.050408816152025436	0.42742881800401117
T_cell	T_cell	SPON2	ITGB1	0.895731	0.0	0.7953263	0.4540043439954607	1.6220462739956225	0.73932606	0.8890838	0.0002002446109522517	0.4351772011628614
B_cell	T_cell	PSEN1	NOTCH4	0.14371698	0.0	0.019751286	0.07677765705700502	0.10795574166116549	0.38092887	0.558148	0.2741855310865225	0.43562755451354573
T_cell	T_cell	MIF	CD74_CXCR4	0.89481354	1.0	0.7729493	-0.1544745988150132	-0.4855356275307169	0.20086187	0.8876688	1.0	0.44216727596602984
B_cell	T_cell	HLA-DMB	CD4	0.8907788	0.0	0.6266778	0.36304453090427796	0.9034690135056447	0.5456741	0.87677693	0.019748318908050944	0.44919916308900754
B_cell	T_cell	MFNG	NOTCH2	0.14203301	1.0	0.020084461	-0.04590708405664212	-0.10187030132991085	0.19542962	0.56020975	1.0	0.45279961442130195
T_cell	T_cell	HLA-F	LILRB1	0.5876402	0.0	0.19275694	0.13904443395139313	0.35927361712153416	0.3467207	0.7978249	0.08344272658896812	0.4540248589624597
B_cell	T_cell	GNAI2	CXCR3	0.5384867	1.0	0.14937608	-0.048743804991194226	-0.17122254749678173	0.30116808	0.7764806	1.0	0.4540248589624597
T_cell	T_cell	S100A8	ITGB2	0.88988495	0.0	0.49423012	0.2447600508840916	0.6998401584060332	0.34809053	0.8633669	0.0779878655089327	0.4562726166975868
B_cell	B_cell	HLA-DMB	CD4	0.72397274	0.0	0.19324853	0.08424668286921091	0.25195049704703787	0.16826944	0.79803026	0.9439126002530845	0.4594731894364529
T_cell	T_cell	SELPLG	ITGAM	0.47593188	0.0	0.19016206	0.34195276899283705	0.7837136923560706	0.68975013	0.7967297	0.02203894440696373	0.4594731894364529
B_cell	T_cell	CLEC2D	KLRB1	0.8821689	0.0	0.7620746	0.3419917956601938	1.4584023303961078	0.6014019	0.8869604	0.008519355349249514	0.4633872430425727
T_cell	B_cell	BST2	LILRA4	0.6280457	0.001	0.19567867	0.022203627948854665	-0.1453983311577175	0.14274606	0.79903555	1.0	0.4649647786047544
T_cell	T_cell	LTB	TNFRSF1A	0.5462237	1.0	0.14786962	-0.20719683769926123	-0.7105040932702402	0.2305842	0.7755998	1.0	0.4649647786047544
T_cell	B_cell	S100A9	CD68	0.46802142	1.0	0.15148233	-0.1369427897846941	-0.42177868165816185	0.13735001	0.77769333	1.0	0.4649647786047544
B_cell	B_cell	BAG6	NCR3	0.14332421	1.0	0.020151405	-0.15922692862082755	-0.42776543985343485	0.09566961	0.5606196	1.0	0.4698948719915972
B_cell	T_cell	PSEN1	CD44	0.5113499	0.003	0.14751966	0.030082429150300693	0.08937368284395822	0.2781955	0.7753935	0.870395395119328	0.4705001070848768
B_cell	B_cell	HLA-DPB1	CD4	1.5071219	0.0	0.42622617	0.14928042437860986	0.3562766302717233	0.15444562	0.8543986	0.45057726437425816	0.4777385851261693
B_cell	B_cell	HLA-DMA	CD4	0.7520679	0.0	0.20160651	0.0723150362816597	0.16733019950045458	0.16261615	0.8014209	1.0	0.4817020519356848
T_cell	B_cell	ARF6	SMAP1	0.4664011	0.17	0.1490852	-0.010868896017253125	-0.022414620421694148	0.20597573	0.7763114	1.0	0.4817020519356848
T_cell	T_cell	BST2	LILRA4	0.87317324	0.0	0.7221508	0.33197121669177965	0.8985130206457684	0.5268034	0.88423467	0.034448293581006706	0.4849746621446518
B_cell	T_cell	SEMA4D	PLXNB2	0.15151224	1.0	0.020575322	-0.0441815833638014	-0.15992239364246247	0.15854575	0.563182	1.0	0.4869134692969541
B_cell	T_cell	LGALS9	CD47	0.5153516	0.0	0.20368229	0.08359147506972647	0.19863137196846342	0.31269553	0.8022347	0.17046352157456354	0.48736901038240144
T_cell	T_cell	APP	PTGER2	0.46542943	0.0	0.15138295	0.25980903009281076	0.7480527477369239	0.67598206	0.7776366	0.04293509050009987	0.48736901038240144
T_cell	T_cell	GNAI2	S1PR4	0.86907303	0.0	0.5040413	0.14457145777758193	0.297607178593416	0.30067816	0.8645222	0.21964218267092397	0.49225053373181293
B_cell	B_cell	HLA-DRB1	CD4	1.4753592	0.0	0.41677713	0.11829967027528729	0.2899927507691473	0.15495813	0.8529986	0.6279181715940785	0.49225053373181293
T_cell	B_cell	HLA-F	LILRB1	0.5629488	0.0	0.14444903	0.07930909142265694	0.2703435668889088	0.25982702	0.77355653	0.5067592006564035	0.49308024119818417
T_cell	B_cell	APP	LRP10	0.50583434	0.0	0.209635	0.07150585163880377	0.3511511217459446	0.28959462	0.80451	0.2834010514561844	0.49883607885804737
T_cell	B_cell	GNAI2	S1PR4	0.8682599	0.0	0.50181293	0.14322697601305084	0.2760729205253789	0.29934886	0.8642625	0.23546605211829558	0.4995658553451158
B_cell	B_cell	LILRB4	LAIR1	0.15098864	1.0	0.021383433	-0.20014747667077473	-0.37701368673707597	0.08531185	0.56791466	1.0	0.5038555489479308
T_cell	T_cell	HLA-A	LILRB2	1.6652645	0.0	0.35771006	0.2654863787262258	0.5713708681006189	0.33462274	0.84315616	0.10817074773643635	0.5038555489479308
T_cell	T_cell	APP	TNFRSF21	0.46066427	0.0	0.14451298	0.23755658651472217	0.6117330515700802	0.55479425	0.7735953	0.050408816152025436	0.504636372459003
B_cell	B_cell	LGALS9	CD44	0.5378123	0.184	0.21565585	0.019647865661910957	0.043791929762261705	0.27649337	0.80672705	1.0	0.504636372459003
B_cell	T_cell	CD48	CD2	0.86778903	0.0	0.44514418	0.23463260845751374	0.5743077880567169	0.53339535	0.85707915	0.050408816152025436	0.5069201789361111
B_cell	T_cell	S100A8	CD68	0.46763566	0.0	0.2167813	0.14733257929741592	0.4345511890437502	0.392232	0.8071325	0.050408816152025436	0.5104816199517705
T_cell	T_cell	TIMP1	CD63	0.85977554	0.0	0.40997812	0.385588017205034	1.0581962944449201	0.57840896	0.8519644	0.011341195851504757	0.5143133664324235
B_cell	B_cell	HLA-DPA1	CD4	1.4524622	0.0	0.40996554	0.13391752232688278	0.240092584096679	0.15414256	0.85196245	0.7226825200277391	0.5143133664324235
B_cell	T_cell	ARF6	SMAP1	0.4586674	0.642	0.20004666	0.01666515242336812	0.022414620421694148	0.2763839	0.8008021	1.0	0.5163716654133004
T_cell	B_cell	HLA-DPA1	CD4	0.8034369	1.0	0.21688817	-0.41867422966925294	-0.8916111005552858	0.08154757	0.8071709	1.0	0.5163716654133004
B_cell	T_cell	PSEN1	NOTCH1	0.14992511	0.0	0.02190888	0.077924876337755	0.1339188677334704	0.38535684	0.57089067	0.21581408812940553	0.520721342668249
T_cell	T_cell	HLA-C	LILRB2	1.6603944	0.0	0.35662782	0.20031303430427377	0.5237219619640201	0.3233132	0.8429557	0.14076576099675603	0.520721342668249
T_cell	B_cell	HLA-DRB1	CD4	0.8042755	1.0	0.21713765	-0.4023614380650018	-0.9415112672277541	0.08073199	0.80726033	1.0	0.522306844573638
B_cell	B_cell	PSEN1	CD44	0.4914259	0.691	0.1405952	0.004453748254614986	-0.011546948216148295	0.2651372	0.7711794	1.0	0.522306844573638
B_cell	T_cell	GZMB	IGF2R	0.45591253	1.0	0.2069539	-0.19509765562989745	-0.8623176639777204	0.109026864	0.8034958	1.0	0.5282874982312218
T_cell	T_cell	YBX1	NOTCH1	0.92683053	1.0	0.21781108	5.735830228778549e-05	-0.006189220669298071	0.33763736	0.80750114	1.0	0.5282874982312218
B_cell	T_cell	LTB	TNFRSF1A	1.3589782	0.0	0.40517533	0.41985630247684197	1.0314919552362918	0.63182026	0.8512198	0.005692732981486456	0.5292146460926161
T_cell	T_cell	GNAI2	S1PR5	0.8490239	0.0	0.44909388	0.32071237861766366	0.7140224076883206	0.59760046	0.85761935	0.03605094418171277	0.5292146460926161
B_cell	T_cell	ACTR2	ADRB2	0.5162187	0.376	0.13678181	0.0659031367850236	0.10956229247398058	0.41982305	0.7687442	1.0	0.534313462860398
T_cell	T_cell	TGFB1	TGFBR1_TGFBR2	0.695357	0.0	0.22126527	0.28764293463055646	0.6708293209162535	0.5039835	0.80872107	0.04861025047331125	0.534313462860398
B_cell	T_cell	FCER2	ITGAM_ITGB2	0.454507	0.0	0.17793798	0.35511931482512066	0.9909752756547542	0.8161374	0.7912964	0.006199496853957104	0.534313462860398
T_cell	B_cell	ASIP	MGRN1	0.148342	0.0	0.021995911	0.06016351421257642	0.05652060344545495	0.32732856	0.5713762	0.39481356913897175	0.5375109929344112
T_cell	B_cell	CD99	PILRB	0.75404143	0.0	0.22305106	0.23244746045340597	0.5685801489403366	0.30457056	0.80934197	0.20462959096995834	0.5403852490829154
B_cell	B_cell	VCAN	SELL	0.5088457	0.0	0.13411756	0.03944048290169974	0.11666361584456986	0.29976386	0.7669911	0.354575607896866	0.5403852490829154
B_cell	B_cell	ST6GAL1	CD22	0.52922595	0.0	0.22308038	0.3527200409015243	0.9880575630890137	0.6968647	0.80935216	0.006734832927563571	0.5465026882563309
B_cell	T_cell	VCAN	CD44	0.5022472	0.0	0.13206455	0.035357666718971135	0.13882191769826602	0.2965032	0.7656098	0.3771710859248384	0.5465026882563309
T_cell	T_cell	GNAI2	ADCY7	0.8334758	0.0	0.4064823	0.2656254786621496	0.5173184641249655	0.4620104	0.85142356	0.050408816152025436	0.5518485524304295
B_cell	B_cell	HLA-C	LILRB1	1.4092305	1.0	0.3943779	-0.19443279343678926	-0.5351759102268087	0.19455744	0.84950125	1.0	0.5518485524304295
T_cell	T_cell	GNAI2	CXCR3	0.7669245	0.0	0.22408934	0.23289575503761745	0.4024575516220132	0.45180294	0.80970013	0.050408816152025436	0.552666296138527
T_cell	T_cell	GRN	TNFRSF1A	0.4893657	0.0	0.12986925	0.2282961449988676	0.5367974428571316	0.56655085	0.7641024	0.050408816152025436	0.552666296138527
T_cell	B_cell	PSEN1	NOTCH2	0.14956301	0.721	0.022356782	-0.004324259795205487	-0.005581419240294677	0.24469371	0.5733678	1.0	0.5542246427573281
T_cell	B_cell	HLA-DPB1	CD4	0.8280549	1.0	0.22421174	-0.43472072689424246	-1.00779514673033	0.081244476	0.80974215	1.0	0.5588758989315825
B_cell	T_cell	LGALS1	CD69	0.44397384	1.0	0.19702369	-0.3102598961398676	-1.005785871184716	0.090623155	0.7995849	1.0	0.5588758989315825
B_cell	T_cell	LGALS9	CD44	0.55773634	0.0	0.22627713	0.045276546557596664	0.14471256082236822	0.29011098	0.8104475	0.3074560802825752	0.5651318412860529
B_cell	B_cell	LGALS9	CD47	0.44352072	0.999	0.16539006	-0.01703481253243748	-0.010126881383833497	0.25390884	0.7851937	1.0	0.5651318412860529
B_cell	B_cell	LGALS9	PTPRC	0.859611	1.0	0.3872032	-0.06374169672257878	-0.17909941686991154	0.25394213	0.8483238	1.0	0.5671219361150627
B_cell	B_cell	MAML2	NOTCH2	0.15080133	0.0	0.022735886	0.056162731023446405	0.11532497764749308	0.33929622	0.575423	0.26966298008262507	0.5708625521857138
T_cell	T_cell	SPTAN1	PTPRA	0.49285066	0.0	0.23366462	0.19509262910005465	0.45495429140484733	0.42496052	0.8129028	0.050408816152025436	0.5714344730562998
B_cell	B_cell	FAM3C	CLEC2D	0.5330451	0.0	0.2348302	0.16151878184515311	0.42085192496060975	0.41105115	0.8132809	0.050408816152025436	0.5777836126386751
B_cell	T_cell	HLA-DOB	CD4	0.43952823	0.0	0.19135083	0.3297814862970725	0.7789738725345476	0.74000037	0.7972338	0.023245575785178337	0.5777836126386751
B_cell	T_cell	ADAM17	ITGB1	0.48387164	0.0	0.12645122	0.18551137441016793	0.518489285954042	0.38213962	0.7616902	0.050408816152025436	0.5777836126386751
T_cell	T_cell	CLEC2B	KLRF1	0.8102135	0.0	0.6524597	0.426786137932595	1.3062724358667228	0.69848657	0.8789383	0.0007319570394966803	0.5825393382414863
T_cell	T_cell	CD55	ADGRE5	0.5195614	0.0	0.23727424	0.08803431176089317	0.21961760607682784	0.27954015	0.8140658	0.3383071910907829	0.5841797888006296
B_cell	T_cell	S100A8	CD69	0.43871933	1.0	0.19225878	-0.06362948458061754	-0.13854512284224874	0.20844853	0.7976161	1.0	0.5841797888006296
B_cell	T_cell	VCAN	ITGB1	0.4837925	0.0	0.1263227	0.20611066493424554	0.6022616366660993	0.4388693	0.7615979	0.050408816152025436	0.5841797888006296
B_cell	T_cell	PSEN1	NOTCH2	0.15318762	0.338	0.023042744	0.002971117449844008	0.005581419240294677	0.25220153	0.57705986	1.0	0.5874247767175171
B_cell	T_cell	MIF	CD74_CXCR4	0.8076087	1.0	0.5878357	-0.2803989683444884	-0.7468901283080313	0.15275747	0.8732786	1.0	0.5903011848640278
T_cell	T_cell	HLA-DQB1	CD4	0.43711674	1.0	0.18902445	-0.2524934104473928	-0.9620299313126657	0.116461754	0.7962433	1.0	0.5906228146863104
B_cell	T_cell	YBX1	NOTCH1	1.0137421	0.0	0.23972645	0.11922052932521594	0.19620022150842897	0.3716092	0.81484264	0.12492148086037787	0.5906228146863104
B_cell	B_cell	VCAN	CD44	0.48232317	0.459	0.12586555	0.009728985823285428	0.037901286638159504	0.28258553	0.7612686	1.0	0.5971130414631487
T_cell	B_cell	HLA-DRA	CD4	0.9031349	1.0	0.24654715	-0.4827981462159724	-1.218899812275691	0.071134575	0.8169497	1.0	0.5971130414631487
T_cell	T_cell	S100A9	CD36	0.5341889	0.0	0.24781531	0.09409318686546303	0.10148018663444203	0.35161328	0.81733304	0.28809496495449055	0.6036508255991059
T_cell	T_cell	PSEN1	NCSTN	0.15214066	0.093	0.023109732	0.016683255519280602	0.00585343674859734	0.2687183	0.5774141	0.9803556974062064	0.6039115471410941
B_cell	T_cell	HLA-B	LILRB2	1.5944681	1.0	0.34197766	-0.17678406647860567	-0.2727879682997205	0.2755834	0.8401592	1.0	0.6039115471410941
B_cell	T_cell	TGFB1	CXCR4	0.80389154	1.0	0.579945	-0.4172440235798527	-1.1336000383909735	0.11016808	0.872529	1.0	0.6059293363447893
T_cell	T_cell	ITGB2	CD226	0.84665036	0.0	0.370106	0.42858611250667955	1.1825227724206944	0.76816875	0.84539557	0.00118601773647451	0.6059293363447893
B_cell	T_cell	VCAN	SELL	0.47945428	0.782	0.12497294	0.00432411239350701	0.060059588491855664	0.2793249	0.76062125	1.0	0.6102359722875146
B_cell	T_cell	TGFB1	LPP	0.42886326	1.0	0.17010638	-0.18251166474183086	-0.4955013492652089	0.16472003	0.7875554	1.0	0.6102359722875146
B_cell	B_cell	HLA-DQA1	CD4	0.90853107	0.0	0.24815245	0.19971208118194186	0.7743541332472459	0.20471972	0.8174345	0.45057726437425816	0.6102359722875146
T_cell	T_cell	TNFSF13B	HLA-DPB1	0.87608606	1.0	0.36901277	-0.20942884898669423	-0.53757033793599	0.24261594	0.84520215	1.0	0.6137950618094413
T_cell	T_cell	ADAM17	ITGB1	0.4825641	0.0	0.12432771	0.1821069932891695	0.5093107830417312	0.37572232	0.7601497	0.050408816152025436	0.6168690235472077
T_cell	T_cell	ICAM2	ITGAL_ITGB2	0.42859384	0.0	0.14022498	0.23895848588211513	0.6500557573309245	0.49009633	0.7709466	0.050408816152025436	0.6168690235472077
T_cell	T_cell	HLA-DMB	CD4	0.5014542	1.0	0.25109157	-0.08799536430836913	-0.25195049704703787	0.21863575	0.8183114	1.0	0.6168690235472077
B_cell	B_cell	MFNG	NOTCH2	0.1522673	0.99	0.023184685	-0.01846810774493267	-0.035206405182690276	0.22559601	0.57780904	1.0	0.6203230931856574
B_cell	T_cell	MIF	TNFRSF14	0.50625336	1.0	0.25402755	-0.06858233375166374	-0.14568456224059267	0.21195212	0.819174	1.0	0.6235497792225881
T_cell	T_cell	S100A8	CD68	0.4277717	0.0	0.17602076	0.09389592798521659	0.16140735103795306	0.31848213	0.7904005	0.17046352157456354	0.6235497792225881
T_cell	T_cell	MIF	CD44_CD74	0.78859127	0.0	0.6182356	0.07742572793770969	0.18113756591871044	0.2908344	0.87604237	0.26966298008262507	0.6296279802764003
B_cell	B_cell	HLA-A	LILRB1	1.3136076	1.0	0.36613798	-0.2568296949349367	-0.5828248163634074	0.18637866	0.8446898	1.0	0.6296279802764003
T_cell	T_cell	PSEN1	CD44	0.497491	0.309	0.12398924	-0.004651924406458254	0.011546948216148295	0.23382135	0.7599011	1.0	0.6302787867007629
T_cell	B_cell	SPON2	ITGB1	0.6194423	0.0	0.25410807	0.09414389753488997	0.5942462049998494	0.23621587	0.8191975	0.6941777625155126	0.6302787867007629
B_cell	T_cell	IRAK4	TLR7	0.1546798	0.003	0.023920482	0.04235683735212525	0.030864314416299166	0.30085662	0.5816152	0.870395395119328	0.6366594719378719
B_cell	T_cell	FCER2	ITGAX_ITGB2	0.42650953	0.0	0.14301191	0.3252610086528539	0.9233896802712014	0.7611038	0.77267957	0.01295399465783877	0.6370558404385152
T_cell	T_cell	GNAI2	F2R	0.7789131	0.0	0.2569458	0.2775667465942737	0.5417492191782274	0.5905657	0.8200185	0.050408816152025436	0.6370558404385152
T_cell	T_cell	LGALS9	PTPRC	0.9962331	0.0	0.36465672	0.06657797830976399	0.17909941686991154	0.23915532	0.8444237	0.6671789648415417	0.6375944841936337
T_cell	T_cell	VEGFB	NRP1	0.43415827	0.0	0.122682974	0.17741425141912195	0.3339698997924619	0.47129804	0.7589336	0.05326676149780255	0.6438813009300314
T_cell	T_cell	IL16	CD4	0.423845	0.0	0.17622104	0.1704403728297461	0.36773526473465307	0.4166417	0.7904946	0.050408816152025436	0.6438813009300314
T_cell	B_cell	S100A8	CD69	0.5456661	0.0	0.2572024	0.058642362199537515	0.13854512284224874	0.2788609	0.8200921	0.354575607896866	0.6438813009300314
T_cell	T_cell	HMGB1	HAVCR2	1.1056715	0.0	0.35973364	0.16631815409080355	0.28463590580822296	0.48099402	0.84352875	0.07623046300186152	0.6455937793274322
T_cell	T_cell	ARF6	SMAP1	0.5425279	0.0	0.25992894	0.13605949248044158	0.28059227206877524	0.35911718	0.82086873	0.07977548041984824	0.6507555341054433
T_cell	T_cell	PTDSS1	JMJD6	0.1578626	0.0	0.024723418	0.06183139405625468	0.07695841803209569	0.33287576	0.5856267	0.349089048151999	0.6529209133908287
B_cell	T_cell	HLA-DRB5	CD4	0.7705011	0.0	0.5106444	0.3898925070214714	1.2878448043888135	0.6897297	0.8652826	0.0028844524365385896	0.6536257457124262
B_cell	B_cell	MIF	TNFRSF14	0.5149944	1.0	0.26370984	-0.054899213625845475	-0.1156699385367217	0.22003068	0.82192796	1.0	0.6576783262675964
T_cell	T_cell	NUCB2	ERAP1	0.48316598	0.0	0.12192663	0.28722792861294916	0.6469831859331997	0.5744557	0.7583674	0.050408816152025436	0.6576783262675964
T_cell	B_cell	LGALS1	ITGB1	0.8179905	0.0	0.35713127	0.05429055825687684	0.2167687948416822	0.18404141	0.84304905	1.0	0.6616899267496366
T_cell	B_cell	MIF	CD44_CD74	0.7686672	0.0	0.5892161	0.05179704704202398	0.08021693485860393	0.27718285	0.8734083	0.37142382205535607	0.6616899267496366
B_cell	T_cell	GRN	TNFRSF1B	0.52253777	0.038	0.26419026	0.05863726455817907	0.024336313583463887	0.26213923	0.8220612	0.9379682666800377	0.6646502383935189
T_cell	T_cell	ICAM1	ITGAX_ITGB2	0.16902053	0.0	0.024936428	0.1734544789244346	0.30013192771313596	0.59126085	0.58666724	0.0632182176583485	0.6691076464857306
B_cell	B_cell	ADAM28	ITGA4	0.53770745	0.0	0.26514328	0.22155146383265825	0.648365333740101	0.44568992	0.82232434	0.050408816152025436	0.6716710513017098
B_cell	T_cell	CD99	CD81	0.7645792	1.0	0.48732275	-0.22764867686903428	-0.5467384986021795	0.13262932	0.86253464	1.0	0.6779135546105609
B_cell	T_cell	CLEC2B	KLRF1	0.55142736	0.0	0.26579356	0.08155264853679534	0.4087244536693861	0.2845436	0.8225032	0.3124451237934045	0.6787411322934069
B_cell	B_cell	S100A8	ITGB2	0.41825712	1.0	0.17490575	-0.23433305320069822	-0.6998401584060332	0.12318763	0.78987354	1.0	0.6787411322934069
T_cell	B_cell	PSEN1	CD44	0.477567	0.997	0.11816928	-0.03028060530214396	-0.08937368284395822	0.22284594	0.7554879	1.0	0.6787411322934069
B_cell	T_cell	SCT	ADRB2	0.15793115	1.0	0.02493882	-0.019757869419014876	-0.20669917950063127	0.20870705	0.5866789	1.0	0.6852197298870761
B_cell	T_cell	GNAI2	ADCY7	0.60503805	1.0	0.2709577	-0.016014081366662103	-0.056361634993829374	0.30797228	0.8239035	1.0	0.6858608542025182
B_cell	T_cell	HLA-F	LILRB1	0.41580096	1.0	0.12503657	-0.07338567383280148	-0.2703435668889088	0.22490898	0.7606676	1.0	0.6858608542025182
T_cell	B_cell	SELPLG	SELL	0.76435566	0.0	0.57468075	0.23371617606105885	0.5267990509938303	0.43248522	0.872021	0.050408816152025436	0.6860723123492014
B_cell	T_cell	S100A9	CD36	0.57284117	0.0	0.27413207	0.13502256924199257	0.3490790098690625	0.3889529	0.82474685	0.06474608151783835	0.6930299895485177
T_cell	T_cell	TGFB1	LPP	0.7593913	0.0	0.37590387	0.22319193949601024	0.53927297167799	0.364001	0.84640867	0.05326676149780255	0.6942617913989095
T_cell	B_cell	TNFSF13B	TNFRSF13C	0.8395528	0.0	0.35112563	0.44830974748245483	1.3781632050434445	0.68904305	0.8419238	0.0010185344271335334	0.6942617913989095
T_cell	B_cell	SELPLG	ITGB2	0.5395373	1.0	0.27495906	-0.04392975264629187	-0.3379150400914586	0.18649027	0.8249644	1.0	0.700249113140168
B_cell	T_cell	PTDSS1	JMJD6	0.15858498	0.0	0.02497178	0.06376596606597838	0.11467033373367469	0.3362197	0.5868391	0.26078595073550215	0.7012573927981325
T_cell	T_cell	ICAM3	ITGAL	0.7570765	0.0	0.55876637	0.2558880526265695	0.684255523818044	0.46240467	0.8704457	0.050408816152025436	0.7024818771335606
T_cell	T_cell	APP	NCSTN	0.43954062	0.0	0.11405887	0.1577331572981646	0.5078201788779964	0.41109756	0.75220317	0.050408816152025436	0.7075179919158713
T_cell	B_cell	LGALS9	CD47	0.4121884	1.0	0.12650684	-0.08283348575329715	-0.19863137196846342	0.19421482	0.76173013	1.0	0.7075179919158713
B_cell	T_cell	HLA-A	LILRB2	1.2953312	1.0	0.2755034	-0.19986568782747105	-0.5053487143935707	0.25772187	0.8251072	1.0	0.7075179919158713
T_cell	T_cell	SPON2	ITGAM	0.63236034	0.0	0.2794131	0.39557075489469307	1.3933628945363334	0.8053795	0.82612157	0.0020359554996238227	0.7148372062848066
T_cell	B_cell	FAM3C	CLEC2D	0.4526532	0.0	0.113422856	0.00014818643849721924	0.030444689427464783	0.19853747	0.7516817	1.0	0.7148372062848066
B_cell	B_cell	TGFB1	LPP	0.41195202	1.0	0.15162542	-0.2136837627013418	-0.53927297167799	0.14682427	0.77777493	1.0	0.7148372062848066
T_cell	B_cell	ICAM2	ITGAL_ITGB2	0.16732737	1.0	0.025213001	-0.1648619479389874	-0.48218171187531905	0.08812124	0.588004	1.0	0.717220807488355
B_cell	T_cell	HMGB1	HAVCR2	1.049339	0.0	0.33981287	0.08337613704546593	0.16028284460833944	0.45435828	0.8397323	0.17367215869469538	0.7190121462658249
B_cell	B_cell	SELPLG	SELL	0.49669254	1.0	0.113162525	-0.1901392757198991	-0.47019502364111604	0.08516227	0.75146717	1.0	0.7222065175656138
B_cell	T_cell	FAM3C	LAMP1	0.41119003	0.0	0.1590379	0.1820400752418264	0.39980689739839315	0.43769816	0.78187245	0.050408816152025436	0.7222065175656138
T_cell	T_cell	HLA-DMA	CD4	0.54571074	1.0	0.29378644	-0.07553280136212076	-0.16733019950045458	0.23696862	0.8296949	1.0	0.7222065175656138
T_cell	T_cell	CLEC2D	KLRB1	0.7464216	0.0	0.48807105	0.17313780898062464	1.0071057160080334	0.38516816	0.8626256	0.050408816152025436	0.7273216405783647
B_cell	T_cell	TGFB1	TGFBR3	0.4061967	1.0	0.14533591	-0.04088538736224798	-0.1585993156176737	0.30841053	0.77409214	1.0	0.7296263027925336
B_cell	T_cell	ADAM28	ITGA4	0.5592145	0.0	0.29493406	0.2565857869746216	0.7226501964453049	0.4957664	0.8299702	0.050408816152025436	0.7296263027925336
B_cell	B_cell	SEMA4D	CD72	0.17508683	0.992	0.025418509	-0.0061817120658033825	0.013322823704138176	0.19644897	0.58898693	1.0	0.7331102018567295
T_cell	T_cell	CD48	CD2	0.7442482	0.014	0.36783496	0.08532672066494484	0.2964513794858749	0.4407594	0.8449929	0.9215882157090439	0.7356602486651275
T_cell	B_cell	APP	NOTCH2	0.436963	0.0	0.11034265	0.1367256419836785	0.49638532288910436	0.37434363	0.74910325	0.06024376970504331	0.7370969446678923
B_cell	B_cell	TGFB1	ITGB1	0.40292585	1.0	0.14176142	-0.37445114507242616	-1.0312871949694862	0.07543675	0.7719074	1.0	0.7370969446678923
T_cell	T_cell	GNAS	ADRB2	1.0246668	0.0	0.29549888	0.09313919465270742	0.22915221618208664	0.44648075	0.8301051	0.132666292501601	0.7370969446678923
T_cell	B_cell	TGFB1	LPP	0.7424801	0.0	0.33506435	0.1920198415364993	0.4955013492652089	0.3244547	0.8387831	0.132666292501601	0.744027508331566
T_cell	T_cell	GZMA	F2R	0.88212216	0.0	0.29565087	0.4512766354603053	1.9188126644504755	0.97305435	0.83014137	0.0002595506183295271	0.7446181960081815
B_cell	B_cell	CD55	ADGRE5	0.40217823	1.0	0.118039	-0.08428397112534927	-0.21961760607682784	0.13906538	0.755386	1.0	0.7446181960081815
T_cell	T_cell	TXLNA	STX4	0.16888681	0.0	0.025923394	0.07782517222458821	0.1436865091510427	0.36298078	0.59136546	0.19741868766196619	0.7489256366546057
T_cell	T_cell	HLA-F	LILRB2	0.5446724	0.0	0.1086918	0.13627309853012254	0.3478196688587456	0.35928527	0.747684	0.06171755531721568	0.7521906513928537
T_cell	T_cell	APP	LRP10	0.5658066	0.0	0.29609746	0.17740850757785698	0.5749556278850436	0.4090359	0.83024776	0.050408816152025436	0.7521906513928537
B_cell	T_cell	SPTAN1	PTPRA	0.4017003	0.0	0.1262966	0.030081286646536753	0.07146930644008254	0.22969273	0.7615791	0.7701844374139865	0.7521906513928537
T_cell	T_cell	VEGFB	ADRB2	0.4233868	0.0	0.10780341	0.17917085746889938	0.38545871341029	0.53076506	0.7469091	0.050408816152025436	0.7598140579219124
T_cell	B_cell	LGALS9	PTPRC	0.82827866	1.0	0.29617167	-0.12954036994343843	-0.36760390745454147	0.19424029	0.83026546	1.0	0.7598140579219124
T_cell	B_cell	LRPAP1	SORL1	0.39931354	1.0	0.127311	-0.11411918588149027	-0.3334350428127532	0.13419853	0.76230466	1.0	0.7598140579219124
T_cell	B_cell	GZMB	IGF2R	1.4055102	0.0	0.33265522	0.21864738505645384	0.8623176639777204	0.17524847	0.83829457	0.45057726437425816	0.7608471917050619
T_cell	T_cell	SELPLG	SELL	0.7349643	0.0	0.535497	0.1985998055528661	0.47019502364111604	0.40299687	0.8680284	0.050408816152025436	0.7608471917050619
T_cell	T_cell	MFNG	NOTCH1	0.16718124	0.0	0.026260136	0.09424363255123533	0.163543853675866	0.41063553	0.59292394	0.16417983184763388	0.7646673400406164
B_cell	T_cell	HLA-C	LILRB2	1.3909541	1.0	0.29675272	-0.13746878632932363	-0.4576998082569719	0.26903138	0.8304035	1.0	0.767488799726826
T_cell	T_cell	S100A8	CD69	0.3988554	1.0	0.15610911	-0.11706613589281686	-0.41168896084804585	0.16925476	0.7802833	1.0	0.767488799726826
B_cell	T_cell	SELPLG	SELL	0.46730116	1.0	0.1054467	-0.22525564622809185	-0.5267990509938303	0.079355605	0.74481416	1.0	0.7752152667038733
B_cell	T_cell	LRPAP1	SORL1	0.57468843	0.0	0.2974758	0.12574275840384008	0.3334350428127532	0.31356922	0.8305748	0.16729955144943928	0.7752152667038733
B_cell	T_cell	ADAM10	NOTCH1	0.16729361	1.0	0.026288468	-0.018535850979745312	-0.07621627921477138	0.25072196	0.59305406	1.0	0.7803355391384326
B_cell	T_cell	GNAI2	S1PR5	0.6205861	1.0	0.29936224	0.03907281858885203	0.14034230856952568	0.39835548	0.8310191	1.0	0.7829931973058222
B_cell	T_cell	FAM3C	CLEC2D	0.3972978	1.0	0.15039712	-0.00733520483441602	-0.030444689427464783	0.26325792	0.77707124	1.0	0.7829931973058222
T_cell	T_cell	GRN	TNFRSF1B	0.7185402	0.0	0.5059166	0.28401769813871935	0.7769433373316755	0.50198895	0.86473954	0.050408816152025436	0.7862837528892892
B_cell	T_cell	IL16	CD4	0.39360517	0.0	0.14704828	0.11561838794917503	0.28378325172395374	0.34766817	0.7751147	0.08532305229176823	0.7908232005242111
B_cell	T_cell	ICAM2	ITGAL_ITGB2	0.3988195	0.0	0.102287516	0.17504179375011014	0.48218171187531905	0.3575022	0.7419127	0.0632182176583485	0.7908232005242111
T_cell	B_cell	S100A9	ITGB2	0.5702181	1.0	0.30026996	-0.281379965743931	-0.960211489026242	0.10597915	0.8312316	1.0	0.7908232005242111
T_cell	B_cell	LTB	CD40	0.7168556	1.0	0.4666629	-0.12359006404202622	-0.3472951805412833	0.24697007	0.85994625	1.0	0.794816509459798
B_cell	B_cell	PSEN1	NOTCH2	0.16342191	0.001	0.026599605	0.03041009376155346	0.07224531538751525	0.2911312	0.5944731	0.8253152343782343	0.795930296251848
B_cell	B_cell	HLA-DQA2	CD4	0.41437757	0.0	0.10114762	0.08669721125750843	0.38790343087862733	0.22238734	0.74083835	0.8846804947366047	0.7987050089985952
B_cell	T_cell	GNAS	ADRB2	1.051164	0.0	0.30377024	0.12593688326309557	0.1582254480955811	0.4589783	0.83204293	0.1769258812322106	0.7987050089985952
B_cell	B_cell	CD99	CD81	0.71186805	1.0	0.43959638	-0.29337359361947735	-0.7539017878241696	0.11964016	0.8563093	1.0	0.8033756234739088
T_cell	T_cell	CD99	PILRB	0.79186046	0.0	0.3245465	0.3150503310226809	0.7320601374860125	0.44316	0.83661497	0.050408816152025436	0.8033756234739088
T_cell	B_cell	ICAM3	ITGAL	0.49581003	1.0	0.10046838	-0.14793238119453306	-0.4479819453881996	0.083142176	0.740191	1.0	0.8066392375530724
T_cell	T_cell	CCL5	CXCR3	1.0219193	0.0	0.30748838	0.39365677428892165	2.1602206692611197	0.7330652	0.8328913	0.002297391213167306	0.8066392375530724
T_cell	T_cell	ALCAM	NRP1	0.16373841	0.0	0.026617492	0.1476198924271556	0.1849746060890017	0.4867115	0.59455407	0.132666292501601	0.811451838762367
T_cell	T_cell	SPON2	ITGA4	0.7026453	0.0	0.41709328	0.2880565192530845	1.145288670850338	0.5137157	0.8530461	0.04293509050009987	0.8119607503890851
B_cell	B_cell	HLA-DQB1	CD4	1.1643308	0.0	0.32424986	0.24173696471083442	0.9620299313126657	0.19977683	0.83655244	0.45057726437425816	0.8119607503890851
T_cell	B_cell	ADAM10	CD44	0.59520215	0.0	0.3085218	0.07047228552597531	0.12076146410428357	0.31547883	0.8331247	0.23955213559058952	0.8146256129752927
B_cell	T_cell	MIF	CD44_CD74	0.70138645	1.0	0.4701744	-0.048498641591765534	-0.08021693485860393	0.22118247	0.86039704	1.0	0.8205715456627901
T_cell	B_cell	TGFB1	ITGB1	0.7334539	0.0	0.31326672	0.03125245916541497	0.0034871259737129234	0.16670136	0.8341829	1.0	0.8226645295359747
T_cell	B_cell	BAG6	NCR3	0.17106336	1.0	0.027006583	-0.09343135550868378	-0.3346915895811845	0.12821485	0.59630203	1.0	0.8269003930237859
T_cell	T_cell	TGFB1	TGFBR3	0.7367248	0.0	0.32116568	0.3648182168755931	0.8761750053255253	0.6815306	0.83589804	0.014708464063069488	0.8292076647524871
T_cell	B_cell	SPON2	ITGB2	0.69596577	0.832	0.40400887	0.009688233255564171	0.2717341620888042	0.2177534	0.8510371	1.0	0.8292076647524871
B_cell	B_cell	PKM	CD44	0.5998701	1.0	0.31607527	-0.046148969992022705	-0.10926795689415453	0.22028583	0.8347993	1.0	0.8307563874060613
T_cell	T_cell	NCAM1	PTPRA	0.38289022	0.0	0.1041398	0.24165507135891137	0.5055653008714391	0.64723474	0.7436272	0.050408816152025436	0.8307563874060613
B_cell	T_cell	ARPC5	ADRB2	0.3902849	1.0	0.097470336	-0.026239312136864576	-0.11592260765493706	0.3357164	0.73726743	1.0	0.8307563874060613
B_cell	B_cell	ARF6	SMAP1	0.38254058	1.0	0.114739016	-0.1302632360743266	-0.28059227206877524	0.15852313	0.75275683	1.0	0.8389009045228444
T_cell	T_cell	TOR2A	ATP5F1B	0.46332994	0.0	0.097350135	0.14027875974406936	0.27145484071020526	0.37844282	0.7371479	0.08723497928760404	0.8389009045228444
B_cell	B_cell	S100A8	CD69	0.58553004	0.0	0.31676188	0.11207901351173684	0.41168896084804585	0.3434358	0.83494884	0.08917885967549105	0.8389009045228444
B_cell	T_cell	PSEN1	NCSTN	0.16599956	0.0	0.02749545	0.05141760907603955	0.08368017137640726	0.31971514	0.5984595	0.3383071910907829	0.8422760228814605
B_cell	T_cell	ICAM3	ITGAL	0.6838513	0.0	0.46546534	0.15883344173243547	0.4479819453881996	0.3851938	0.85979146	0.050408816152025436	0.8465543741180019
B_cell	B_cell	CD55	CR1	0.3846759	0.0	0.09664262	0.21694575857030418	0.44777635679269534	0.5952354	0.73644066	0.050408816152025436	0.8470987104610475
B_cell	T_cell	S100A8	CD36	0.38222802	0.0	0.14435117	0.14114009940869576	0.3618515172546508	0.4087069	0.77349716	0.050408816152025436	0.8470987104610475
B_cell	B_cell	MIF	CD44_CD74	0.6814624	1.0	0.44810477	-0.07412732248745124	-0.18113756591871044	0.21080033	0.85748464	1.0	0.8552643970619154
T_cell	T_cell	ADAM10	CD44	0.61512613	0.0	0.32371682	0.09610096642166102	0.22168209516439008	0.3310165	0.83643997	0.12241686897291511	0.8553495172093324
B_cell	B_cell	GPI	AMFR	0.17113316	0.0	0.027517902	0.03560938599162439	0.07189655783100501	0.2838227	0.5985575	0.37142382205535607	0.8575789549452073
B_cell	B_cell	S100A9	CD36	0.46225557	1.0	0.09603345	-0.09008473271649658	-0.10148018663444203	0.13625728	0.7358265	1.0	0.8636537264258214
T_cell	B_cell	SPON2	ITGA4	0.6811382	0.0	0.3749634	0.25302219611112114	1.0710038081451339	0.46182618	0.84624577	0.050408816152025436	0.8639983656565102
T_cell	T_cell	APP	NOTCH2	0.4267287	0.0	0.09558779	0.10928666567196904	0.4297214267418838	0.3242869	0.73537415	0.13532618558185294	0.8720117457655858
T_cell	B_cell	S100A8	ITGB2	0.37839317	1.0	0.1420189	-0.2877697045128975	-0.9729839964118303	0.10002514	0.77206707	1.0	0.8720117457655858
B_cell	T_cell	TGFB1	ITGB1	0.6792146	0.999	0.44369546	-0.014590698611855413	-0.0034871259737129234	0.23610756	0.85687935	1.0	0.8727559353592504
T_cell	T_cell	MFNG	NOTCH2	0.17044374	0.01	0.027619192	0.019289873663324332	0.035206405182690276	0.26874548	0.5989989	0.9104838883758697	0.8728094148043892
B_cell	B_cell	LGALS1	CD69	0.59078455	1.0	0.32461247	-0.1345513980475132	-0.4555517874944215	0.14930898	0.83662885	1.0	0.8804232782218415
B_cell	T_cell	HSPA8	ADRB2	0.38310432	1.0	0.095228836	-0.004800431277078826	-0.09784348550229632	0.34700528	0.73500794	1.0	0.8804232782218415
T_cell	T_cell	LRPAP1	SORL1	0.667181	0.0	0.43728223	0.2728480707876295	0.6266907032024929	0.46093917	0.8559843	0.050408816152025436	0.8815367616275989
B_cell	T_cell	ADAM10	NOTCH2	0.17055611	1.0	0.027648993	-0.09348960986765631	-0.2045537277079471	0.16408807	0.5991284	1.0	0.8879674678350427
B_cell	T_cell	HLA-DQA2	CD4	0.5811836	0.0	0.32800752	0.3654950592925755	1.0394219473372341	0.72117084	0.8373387	0.004336676535613763	0.8888889683617509
B_cell	B_cell	HLA-F	LILRB1	0.3911096	1.0	0.09370044	-0.13312101636153767	-0.35927361712153416	0.16854325	0.73342925	1.0	0.8888889683617509
T_cell	T_cell	PKM	CD44	0.6618344	0.0	0.40302074	0.048202437040846306	0.10926795689415453	0.2808817	0.8508818	0.33301089892402996	0.8903403761829778
B_cell	T_cell	PKM	CD44	0.6197941	0.943	0.3316423	-0.020520289096336998	-0.008347325834048014	0.23113514	0.8380878	1.0	0.8974085131331742
T_cell	B_cell	TNFSF13B	CD40	0.3721813	0.0	0.12229455	0.28568694491657043	0.6681683942770195	0.65011865	0.7586434	0.04861025047331125	0.8974085131331742
B_cell	T_cell	S100A9	CD68	0.65824884	0.0	0.4116815	0.14121504913071273	0.42177868165816185	0.3732743	0.85222566	0.050408816152025436	0.8991666816405745
T_cell	B_cell	TIMP2	ITGB1	0.18314484	1.0	0.027720874	-0.13834181478352026	-0.47287493621186927	0.15036911	0.59944016	1.0	0.9030533398807371
B_cell	B_cell	S100A9	ITGB2	0.6088703	1.0	0.33215716	-0.2404505833674014	-0.7126126657916215	0.11723362	0.838193	1.0	0.9059823217025436
T_cell	T_cell	HLA-DQA1	CD4	0.3673712	1.0	0.12174007	-0.20859856722985615	-0.7743541332472459	0.1004326	0.7582271	1.0	0.9059823217025436
T_cell	B_cell	ST6GAL1	CD22	0.44433948	0.0	0.09269956	0.17468986368071426	0.593821057530861	0.28957748	0.7323781	0.28809496495449055	0.9059823217025436
B_cell	T_cell	CD55	ADGRE5	0.6557765	0.0	0.42805964	0.29804219930716264	0.7557230483722881	0.5043103	0.8546654	0.046668725052385354	0.9080152100410055
B_cell	T_cell	SPON1	APP	0.42340684	0.0	0.09079866	0.1863353405983138	0.5689693824097195	0.5261545	0.73034275	0.050408816152025436	0.9146108093299663
B_cell	T_cell	TGFB1	TGFBR1_TGFBR2	0.36482894	1.0	0.10012835	-0.11806066960728463	-0.3639450000269455	0.22806579	0.7398649	1.0	0.9146108093299663
T_cell	B_cell	PKM	CD44	0.64191043	0.039	0.38410324	0.0225737561451606	0.008347325834048014	0.26769733	0.847806	0.9519414826787647	0.9168856168417342
T_cell	T_cell	FAM3C	ADGRG5	0.16926919	0.919	0.028288795	0.01886701369052733	-0.044489782400972094	0.25414097	0.6018724	1.0	0.9180672557718428
T_cell	T_cell	MIF	TNFRSF14	0.5934582	0.0	0.3340226	0.05734203577781149	0.1156699385367217	0.27869734	0.83857244	0.36012658826932	0.9232936638227682
T_cell	T_cell	TIMP2	CD44	0.47788823	0.001	0.09070656	0.05076563346177604	0.09148541381607059	0.3179653	0.7302428	0.8253152343782343	0.9232936638227682
B_cell	T_cell	APP	LRP10	0.3608577	1.0	0.1277281	-0.06394809010522273	-0.3511511217459446	0.17644654	0.76260084	1.0	0.9232936638227682
B_cell	T_cell	GNAI2	S1PR4	0.64063525	1.0	0.33598974	-0.13706810225122973	-0.2760729205253789	0.20042954	0.83896947	1.0	0.9257775575002247
B_cell	B_cell	GNAI2	S1PR4	0.6398222	1.0	0.3345043	-0.13841258401576081	-0.297607178593416	0.19954345	0.83866996	1.0	0.9320315449823644
T_cell	B_cell	HLA-DMA	CD4	0.37890473	1.0	0.09059487	-0.35433064939718784	-0.8188487159590614	0.073073976	0.73012143	1.0	0.9320315449823644
B_cell	T_cell	NUCB2	ERAP1	0.17025955	1.0	0.028545475	-0.14034619046514873	-0.42875755014472	0.13449162	0.6029541	1.0	0.9330092824041951
B_cell	B_cell	BST2	LILRA4	0.35610944	1.0	0.09657556	-0.31782894512867177	-0.8985130206457684	0.07045112	0.73637325	1.0	0.9408241344739996
T_cell	B_cell	SPTAN1	PTPRA	0.35371637	1.0	0.123264186	-0.021770165675903133	-0.07146930644008254	0.22417778	0.7593657	1.0	0.9496720982605154
T_cell	T_cell	NECTIN1	CD96	0.1871385	0.0	0.028740289	0.18437207284085103	0.2947500294803219	0.59760237	0.60376793	0.0703125518949751	0.9552880318232353
T_cell	T_cell	CD96	NECTIN1	0.1871385	0.0	0.028740289	0.18437207284085103	0.2947500294803219	0.59760237	0.60376793	0.0703125518949751	0.9552880318232353
T_cell	T_cell	LILRB4	LAIR1	0.35258198	0.0	0.12404002	0.20905333628843428	0.37701368673707597	0.49487308	0.7599385	0.050408816152025436	0.9585751118263846
B_cell	T_cell	LGALS1	ITGB1	0.6232769	1.0	0.35285056	-0.03664735402005176	-0.2167687948416822	0.18183543	0.8422496	1.0	0.9615536417455752
T_cell	B_cell	TIMP1	CD63	0.35096955	1.0	0.1189566	-0.17809605508730703	-0.5694621405554414	0.16782741	0.7561007	1.0	0.9675335950528063
T_cell	T_cell	ICAM1	IL2RG	0.4544392	0.0	0.08701983	0.21349133272794532	0.40268145792938725	0.5046357	0.72613645	0.050408816152025436	0.9675335950528063
T_cell	B_cell	MIF	TNFRSF14	0.60219914	0.0	0.3467539	0.07102515590362975	0.14568456224059267	0.2893199	0.84108824	0.2928469466679512	0.9765479740500699
T_cell	B_cell	S100A9	CD36	0.42360333	1.0	0.0868142	-0.13101411509302616	-0.3490790098690625	0.12317653	0.7259011	1.0	0.9765479740500699
B_cell	B_cell	BSG	SLC16A7	0.18125702	1.0	0.030025143	-0.1378318254913168	-0.3048764167718021	0.14507638	0.60898733	1.0	0.9774061178805178
T_cell	T_cell	TIMP2	ITGB1	0.45943356	0.0	0.08676285	0.22151863167705044	0.5549251327839039	0.47063646	0.7258423	0.050408816152025436	0.9856179149589905
T_cell	T_cell	S100A9	CD68	0.6195966	0.0	0.37215996	0.10028566675418318	0.1741798584235414	0.33743984	0.8457569	0.14636769859849996	0.988595021625905
T_cell	T_cell	ASIP	MGRN1	0.17497501	0.0	0.030061128	0.1268335634954579	0.17032009966417155	0.44734976	0.60912997	0.15213519751387392	0.9920625211762668
B_cell	T_cell	CD99	PILRB	0.34728986	1.0	0.10949556	-0.21902603379549454	-0.5685801489403366	0.14951341	0.74837834	1.0	0.9947440993152019
T_cell	B_cell	HLA-DMB	CD4	0.33464816	1.0	0.07742906	-0.3667932123434362	-0.9034690135056447	0.06742068	0.7143735	1.0	1.0
T_cell	T_cell	ADAM17	RHBDF2	0.18733554	1.0	0.033923175	-0.04144626093271142	-0.09371337082932296	0.21043967	0.6234198	1.0	1.0
T_cell	T_cell	ADAM10	TSPAN14	0.3217091	0.0	0.09994279	0.18776969857629738	0.40040906962946476	0.49321827	0.7396863	0.050408816152025436	1.0
T_cell	B_cell	HLA-DQB1	CD4	0.27031073	1.0	0.058289442	-0.5312912584824598	-1.6135484477712725	0.035913292	0.6845476	1.0	1.0
T_cell	B_cell	ICAM1	IL2RG	0.26314214	1.0	0.045409475	-0.05191473883823833	-0.23767972181320485	0.26333356	0.656988	1.0	1.0
T_cell	B_cell	IL16	CD4	0.25703898	1.0	0.054341253	-0.10835747520532095	-0.28378325172395374	0.12847973	0.67692626	1.0	1.0
T_cell	B_cell	GPI	AMFR	0.19020747	0.0	0.03565075	0.08529037209119336	0.15353535803945134	0.3677058	0.6292324	0.180225109560172	1.0
T_cell	B_cell	APP	NCSTN	0.41576123	0.0	0.07977591	0.09034301435052533	0.4182865707529918	0.28753293	0.7174101	0.2976574735395544	1.0
T_cell	B_cell	ADAM17	RHBDF2	0.2267579	0.0	0.04599504	0.036276231924447996	0.08453486791701204	0.28532654	0.65843034	0.36574249157128164	1.0
T_cell	B_cell	CCL4	CNR2	0.37966493	0.0	0.08657147	0.3113682331408787	0.9339128357530084	0.826859	0.72562253	0.01761714256995957	1.0
T_cell	B_cell	BSG	SLC16A7	0.3487914	0.0	0.072937064	0.14225505027043	0.31930764895896757	0.35241947	0.70823735	0.0711361162013472	1.0
T_cell	B_cell	CD38	PECAM1	0.18284945	0.991	0.032391995	-0.010877379196579134	-0.02537030517492664	0.22453347	0.6179829	1.0	1.0
T_cell	B_cell	FAM3C	LAMP1	0.21332753	1.0	0.04152477	-0.18115953686318276	-0.39980689739839315	0.11428292	0.64684165	1.0	1.0
T_cell	B_cell	CD55	CR1	0.24846083	1.0	0.053569183	0.006937871024034703	-0.08832908550276486	0.32994008	0.67535955	1.0	1.0
T_cell	B_cell	CD55	ADGRE5	0.26596314	1.0	0.06542923	-0.2942918586716187	-0.7557230483722881	0.0770842	0.69688845	1.0	1.0
T_cell	T_cell	ADAM10	NOTCH2	0.25696388	0.0	0.05056495	0.06898965472120433	0.13788983156072654	0.30008706	0.66900074	0.22745092474833017	1.0
T_cell	B_cell	S100A8	CD68	0.2761965	1.0	0.071646705	-0.14333252855366066	-0.4345511890437502	0.12963355	0.70638967	1.0	1.0
B_cell	T_cell	VEGFB	ADRB2	0.32183784	0.992	0.0761039	0.043570246441313215	0.0019189508673777556	0.374694	0.7126091	1.0	1.0
B_cell	T_cell	VCAN	ITGA4	0.29070678	0.0	0.06624747	0.04016284019186939	0.1255040335208148	0.30494538	0.6981995	0.3383071910907829	1.0
B_cell	T_cell	SELPLG	ITGAM	0.20826873	1.0	0.037445515	-0.0819026827881209	-0.21328038227887564	0.13582125	0.6349434	1.0	1.0
B_cell	T_cell	VEGFB	NRP1	0.3326093	0.999	0.08660814	0.0418136403915358	-0.04956986275045033	0.33271322	0.7256647	1.0	1.0
T_cell	B_cell	ADAM10	NOTCH2	0.26719818	0.0	0.058370117	0.09642863103291378	0.2045537277079471	0.3464083	0.6846969	0.11752081869720257	1.0
T_cell	T_cell	CD38	PECAM1	0.26598752	0.0	0.0681627	0.16538414486834854	0.2967803812647296	0.47248742	0.70119375	0.06630147363576891	1.0
B_cell	T_cell	ICAM2	ITGAM_ITGB2	0.22291677	0.0	0.045803025	0.09414983768164342	0.20127963231079476	0.34821156	0.6579597	0.12241686897291511	1.0
B_cell	T_cell	ITGB2	CD226	0.33515856	1.0	0.10635137	-0.1039436428903096	-0.49030138239716914	0.22073622	0.7456252	1.0	1.0
B_cell	T_cell	LGALS9	SLC1A5	0.2112883	0.0	0.041589502	0.10566829957133793	0.19004008418799606	0.39869216	0.64701957	0.13004580443799454	1.0
B_cell	T_cell	LGALS9	HAVCR2	0.22167936	0.0	0.04712886	0.15612788360178345	0.3167116205005962	0.5299747	0.6611634	0.05737553926342895	1.0
B_cell	T_cell	LILRB4	LAIR1	0.24125984	0.979	0.041853983	-0.02432525630954302	-0.05859241663918441	0.16698165	0.6477431	1.0	1.0
B_cell	T_cell	LMAN1	MCFD2	0.22137317	1.0	0.047513373	-0.07195906623332994	-0.17106772628525987	0.19181342	0.66207296	1.0	1.0
T_cell	T_cell	FAM3C	CLEC2D	0.3169059	1.0	0.07264172	-0.16870580024107193	-0.42085192496060975	0.12715343	0.7078179	1.0	1.0
B_cell	T_cell	LRPAP1	LRP8	0.24029376	1.0	0.03423657	0.005724681087690475	-0.07226845268045853	0.32578695	0.62449867	1.0	1.0
T_cell	T_cell	FAM3C	LAMP1	0.33079812	0.0	0.07681522	0.02066947983517048	0.009399661865248182	0.21140796	0.7135608	1.0	1.0
T_cell	B_cell	ADAM17	ITGB1	0.20627537	1.0	0.03972291	-0.17775345317140123	-0.518489285954042	0.120043896	0.6417584	1.0	1.0
T_cell	T_cell	BAG6	NCR3	0.32345545	0.0	0.09362073	0.16631196759926853	0.42776543985343485	0.44446826	0.73334605	0.050408816152025436	1.0
T_cell	T_cell	BSG	SLC16A7	0.34943604	0.0	0.07367132	0.1439648575389331	0.3048764167718021	0.35596725	0.70927113	0.06788472270291086	1.0
B_cell	T_cell	FAM3C	ADGRG5	0.24966112	0.0	0.058569003	0.18023760909718323	0.3459174531321729	0.5261724	0.68506396	0.050408816152025436	1.0
B_cell	T_cell	GRN	TNFRSF1A	0.29336333	1.0	0.06781788	0.0029157114183273186	-0.21580958089108004	0.29585356	0.70066214	1.0	1.0
B_cell	T_cell	BSG	SLC16A7	0.18190166	1.0	0.030327404	-0.13612201822281372	-0.31930764895896757	0.14653686	0.61017925	1.0	1.0
T_cell	B_cell	HLA-DQA1	CD4	0.20056519	1.0	0.03754097	-0.48739641526492317	-1.4258726497058527	0.030970385	0.6352384	1.0	1.0
T_cell	B_cell	S100A8	CD36	0.23177841	1.0	0.041060578	-0.13740385386199272	-0.3618515172546508	0.116256356	0.64555657	1.0	1.0
T_cell	B_cell	MFNG	NOTCH2	0.18067804	0.0	0.031882472	0.046728849975033786	0.10187030132991085	0.31022885	0.6161097	0.30252702446297514	1.0
T_cell	B_cell	LMAN1	MCFD2	0.30951583	0.0	0.07444715	0.07622943928230992	0.17106772628525987	0.3005462	0.71035004	0.22352097963323395	1.0
T_cell	B_cell	LILRB4	LAIR1	0.2623108	0.0	0.06337274	0.03323111592720257	0.05859241663918441	0.2528334	0.693505	0.5591731554993319	1.0
T_cell	B_cell	NCAM1	PTPRA	0.2437559	1.0	0.054936465	0.024792276582953576	-0.02085829697349076	0.34143323	0.6781163	1.0	1.0
B_cell	B_cell	APP	LRP10	0.30088544	1.0	0.09043063	-0.16985074604427594	-0.5749556278850436	0.12492295	0.7299426	1.0	1.0
B_cell	B_cell	APP	NOTCH2	0.23201409	1.0	0.04759871	-0.10463095569940123	-0.4297214267418838	0.16148128	0.6622736	1.0	1.0
B_cell	B_cell	CD99	PILRB	0.30947086	1.0	0.07525301	-0.30162890436476947	-0.7320601374860125	0.102756076	0.7114564	1.0	1.0
T_cell	B_cell	TIMP2	CD44	0.45796424	0.43	0.08644886	0.02513695256609033	-0.009435217244035926	0.30304024	0.72548145	1.0	1.0
T_cell	B_cell	TNFSF13B	TFRC	0.1917271	0.0	0.033941865	0.065710904028863	0.11961801808928263	0.31135985	0.6234845	0.2436911696505192	1.0
T_cell	B_cell	TOR2A	ATP5F1B	0.3238301	1.0	0.063646056	-0.058165401538639576	-0.14047453087186895	0.2474202	0.69396216	1.0	1.0
T_cell	B_cell	TNFSF13B	TNFRSF13B	0.23368606	0.0	0.05448551	0.2312575970412331	0.4290484833482274	0.6941561	0.67721605	0.050408816152025436	1.0
T_cell	T_cell	ADAM10	NOTCH1	0.25370136	0.0	0.048076797	0.14394341360911533	0.2662272800539023	0.4585246	0.6633904	0.09115504750513184	1.0
T_cell	B_cell	SEMA4D	CD72	0.30080152	0.0	0.087635495	0.2554435100535331	0.5613756441270602	0.6772979	0.7268369	0.050408816152025436	1.0
T_cell	T_cell	TNFSF13B	TFRC	0.20978588	0.0	0.042783678	0.11317579649985107	0.1693130830407909	0.3924687	0.6502454	0.1580714880806601	1.0
B_cell	B_cell	APP	NCSTN	0.21081232	1.0	0.034413077	-0.15101358333255438	-0.5078201788779964	0.12403359	0.6251014	1.0	1.0
T_cell	T_cell	LGALS9	HAVCR2	0.19034705	0.0	0.03604886	0.09032921038092379	0.12820712991596625	0.40537754	0.63052684	0.22352097963323395	1.0
T_cell	T_cell	LGALS9	SLC1A5	0.17995599	0.045	0.031811804	0.03986962635047826	0.0015355936033661366	0.30495957	0.6158473	0.9660702429064119	1.0
T_cell	T_cell	LMAN1	MCFD2	0.31918985	0.0	0.083262935	0.10024138841278597	0.16956067623969687	0.3361359	0.72172654	0.15508204072554968	1.0
T_cell	T_cell	LRPAP1	LRP8	0.3327863	0.0	0.050326925	0.1528299934714799	0.22098720770928107	0.4788989	0.6684782	0.11045395664184342	1.0
B_cell	T_cell	ADAM10	TSPAN14	0.23530135	0.198	0.054648872	0.025290433987436745	0.05796551036079109	0.2696925	0.6775432	1.0	1.0
B_cell	T_cell	APP	NOTCH2	0.2217798	1.0	0.041233875	-0.13206993201111067	-0.49638532288910436	0.13988823	0.6460383	1.0	1.0
B_cell	T_cell	APP	NCSTN	0.23459172	1.0	0.04920178	-0.08362344038491513	-0.4182865707529918	0.17733589	0.665968	1.0	1.0
B_cell	T_cell	ADAM17	RHBDF2	0.18864308	1.0	0.03450258	-0.03804187981171298	-0.08453486791701204	0.21403396	0.6254057	1.0	1.0
T_cell	T_cell	ICAM1	ITGAM_ITGB2	0.197018	0.0	0.03102635	0.20331278509670134	0.3677175230966887	0.6340135	0.6128857	0.050408816152025436	1.0
T_cell	T_cell	ICAM1	ITGAL_ITGB2	0.37292072	0.0	0.06928818	0.28420474116516803	0.648619602661213	0.6509296	0.70290655	0.050408816152025436	1.0
B_cell	T_cell	APP	PTGER2	0.26048052	1.0	0.065302335	0.018452432409731018	-0.17805400189406434	0.29159957	0.6966834	1.0	1.0
B_cell	T_cell	BST2	LILRA4	0.60123706	0.909	0.35641143	-0.008061356385746815	0.1453983311577175	0.25999936	0.84291553	1.0	1.0
B_cell	T_cell	BAG6	NCR3	0.29571632	0.0	0.06985664	0.10051639448712475	0.3346915895811845	0.33164728	0.703759	0.11995010935519287	1.0
B_cell	T_cell	APP	TNFRSF21	0.25571537	1.0	0.06233882	-0.003800011168357556	-0.314373698060908	0.23932259	0.69175404	1.0	1.0
T_cell	T_cell	ICAM2	ITGAM_ITGB2	0.25269112	0.0	0.06279093	0.1580665298136484	0.36915367776640023	0.4773599	0.6925239	0.050408816152025436	1.0
T_cell	T_cell	ICAM1	SPN	0.35935503	0.0	0.066337414	0.30309218724160136	0.6068604032474323	0.67310417	0.6983424	0.050408816152025436	1.0
B_cell	T_cell	HLA-F	LILRB2	0.3728332	1.0	0.07050563	-0.07615700925407207	-0.2817975151516974	0.2330593	0.70472205	1.0	1.0
B_cell	B_cell	LMAN1	MCFD2	0.21169916	1.0	0.04248271	-0.09597101536380599	-0.16956067623969687	0.17150444	0.64944226	1.0	1.0
T_cell	T_cell	PROC	ITGAM	0.22111389	0.0	0.04477438	0.21939555964116753	0.40004093155086085	0.6380752	0.65539926	0.050408816152025436	1.0
B_cell	B_cell	S100A8	CD36	0.2716424	1.0	0.050568838	-0.08396720254979341	-0.0887076792488537	0.14317746	0.6690093	1.0	1.0
B_cell	B_cell	S100A8	CD68	0.31606048	1.0	0.088237695	-0.08989587724146135	-0.16140735103795306	0.15965237	0.7275162	1.0	1.0
B_cell	B_cell	VCAN	ITGA4	0.26919973	0.503	0.059555925	0.005128517049906023	0.051219170815610726	0.27414337	0.6868638	1.0	1.0
B_cell	B_cell	LRPAP1	SORL1	0.306821	1.0	0.08660755	-0.2612244982652797	-0.6266907032024929	0.09129302	0.725664	1.0	1.0
B_cell	B_cell	SPON1	APP	0.21845794	1.0	0.03916798	-0.05502125708476591	-0.3571373672212686	0.22696821	0.6401395	1.0	1.0
B_cell	B_cell	VCAN	ITGB1	0.2075038	1.0	0.040360313	-0.15374978152632518	-0.4255384323296738	0.14021946	0.6435862	1.0	1.0
T_cell	T_cell	IRAK4	TLR7	0.18002307	0.0	0.03164333	0.1013887802225689	0.13284802288690684	0.3979897	0.615219	0.21964218267092397	1.0
B_cell	B_cell	IL16	CD4	0.22679913	1.0	0.045345254	-0.16317946008589201	-0.36773526473465307	0.10721038	0.6568285	1.0	1.0
B_cell	B_cell	LGALS1	ITGB1	0.34698814	1.0	0.11273634	-0.3965078004806225	-1.2445688638374555	0.058096714	0.75111467	1.0	1.0
B_cell	B_cell	ICAM3	ITGAL	0.42258483	1.0	0.08369249	-0.24498699208866703	-0.684255523818044	0.06925936	0.7222429	1.0	1.0
T_cell	T_cell	SEMA4D	PLXNB2	0.27722692	0.0	0.07093762	0.21744363875553507	0.38813042678045956	0.5466188	0.7053572	0.050408816152025436	1.0
B_cell	B_cell	SELPLG	ITGB2	0.27187413	1.0	0.054143205	-0.4677852044272498	-1.334909114726405	0.03672249	0.67652684	1.0	1.0
B_cell	B_cell	SPTAN1	PTPRA	0.26256597	1.0	0.06662475	-0.18678150812942104	-0.45495429140484733	0.12116892	0.69879746	1.0	1.0
T_cell	T_cell	S100A8	CD36	0.342364	0.0	0.11720939	0.08770344809649644	0.0887076792488537	0.33185932	0.7547338	0.32260511482237797	1.0
T_cell	T_cell	SCT	ADRB2	0.34475034	0.0	0.083256274	0.24531685202089515	0.5940768437782991	0.69675195	0.7217185	0.050408816152025436	1.0
B_cell	B_cell	GZMB	IGF2R	0.2748323	1.0	0.052719373	-0.529249182376123	-1.5874181613228275	0.02777347	0.67360413	1.0	1.0
B_cell	B_cell	HLA-DOB	CD4	0.27272218	0.007	0.059006825	0.050983638262005415	0.12745535607594088	0.22819379	0.68586683	0.896970447163408	1.0
B_cell	B_cell	GRN	TNFRSF1B	0.30938983	1.0	0.0815505	-0.2719182894736245	-0.7769433373316755	0.08091739	0.7196349	1.0	1.0
B_cell	B_cell	FAM3C	LAMP1	0.29371944	1.0	0.08597271	-0.01978894145652685	-0.009399661865248182	0.23661089	0.7249311	1.0	1.0
B_cell	B_cell	ADAM17	RHBDF2	0.22806545	0.0	0.046780635	0.039680613045446435	0.09371337082932296	0.2901999	0.66033214	0.349089048151999	1.0
B_cell	B_cell	ADAM17	ITGB1	0.20758292	1.0	0.040401373	-0.1743490720504028	-0.5093107830417312	0.12209423	0.64370286	1.0	1.0
B_cell	B_cell	ADAM10	NOTCH2	0.18079041	1.0	0.03191687	-0.06605063355594686	-0.13788983156072654	0.1894166	0.6162372	1.0	1.0
